<?xml version="1.0" encoding="UTF-8"?>

<mule xmlns:http="http://www.mulesoft.org/schema/mule/http" xmlns="http://www.mulesoft.org/schema/mule/core" xmlns:doc="http://www.mulesoft.org/schema/mule/documentation"
	xmlns:spring="http://www.springframework.org/schema/beans" 
	xmlns:xsi="http://www.w3.org/2001/XMLSchema-instance"
	xsi:schemaLocation="http://www.springframework.org/schema/beans http://www.springframework.org/schema/beans/spring-beans-current.xsd
http://www.mulesoft.org/schema/mule/core http://www.mulesoft.org/schema/mule/core/current/mule.xsd
http://www.mulesoft.org/schema/mule/http http://www.mulesoft.org/schema/mule/http/current/mule-http.xsd">
    <http:listener-config name="Administration_Listener_Configuration" host="0.0.0.0" port="9002" doc:name="HTTP Listener Configuration"/>
    <flow name="getRecordsFlow">
        <http:listener config-ref="Administration_Listener_Configuration" path="/getRecords" allowedMethods="GET" doc:name="HTTP"/>
        <logger level="INFO" doc:name="Logger"/>
        <set-payload value="#['{&quot;records&quot;: {
&quot;record&quot;: {
&quot;recordId&quot;: &quot;12345&quot;,&quot;application&quot;: &quot;RTA&quot;,&quot;channel&quot;: &quot;Mobile&quot; ,&quot;configuration&quot;: &quot;Decrypted Message&quot;, &quot;createdDate&quot;:&quot;09/03/2019&quot;,&quot;updatedDate&quot;:&quot;10/03/2019&quot;}
}
}
']" doc:name="Set Payload"/>
    </flow>
    
     <flow name="AddModRecordsFlow">
        <http:listener config-ref="Administration_Listener_Configuration" path="/addModRecords" allowedMethods="GET" doc:name="HTTP"/>
        <logger level="INFO" doc:name="Logger"/>
        <set-payload value="#['{&quot;response&quot;: {
&quot;status&quot;: {
&quot;statuscode&quot; : &quot;0&quot;,
&quot;statusdescription&quot; : &quot;Records Updated Successfully&quot;
}
}   
}     
			  
']" doc:name="Set Payload"/>
    </flow>
</mule>
