<?xml version="1.0" encoding="UTF-8"?>

<mule xmlns:validation="http://www.mulesoft.org/schema/mule/validation"
	xmlns:scripting="http://www.mulesoft.org/schema/mule/scripting"
	xmlns:http="http://www.mulesoft.org/schema/mule/http" xmlns="http://www.mulesoft.org/schema/mule/core" xmlns:doc="http://www.mulesoft.org/schema/mule/documentation"
	xmlns:spring="http://www.springframework.org/schema/beans" 
	xmlns:xsi="http://www.w3.org/2001/XMLSchema-instance"
	xsi:schemaLocation="http://www.mulesoft.org/schema/mule/validation http://www.mulesoft.org/schema/mule/validation/current/mule-validation.xsd
http://www.mulesoft.org/schema/mule/scripting http://www.mulesoft.org/schema/mule/scripting/current/mule-scripting.xsd
http://www.springframework.org/schema/beans http://www.springframework.org/schema/beans/spring-beans-current.xsd
http://www.mulesoft.org/schema/mule/core http://www.mulesoft.org/schema/mule/core/current/mule.xsd
http://www.mulesoft.org/schema/mule/http http://www.mulesoft.org/schema/mule/http/current/mule-http.xsd">
    <http:listener-config name="DEWA_Listener_Configuration" host="0.0.0.0" port="9001" doc:name="HTTP Listener Configuration"/>
    <flow name="dewacoreapiFlow">
        <http:listener config-ref="DEWA_Listener_Configuration" path="/DEWA" doc:name="HTTP"/>
        <logger message="Request Received" level="INFO" doc:name="Logger"/>
        <expression-component>
        Thread.sleep(5000);
        </expression-component>
		<!-- <scripting:component doc:name="Throw Error">
			<scripting:script engine="Groovy">
				<![CDATA[throw new java.lang.RuntimeException("Error in processing")]]>
		    </scripting:script>
		</scripting:component> -->	
        <set-payload value="#['&lt;dewaresponse&gt;&lt;errorcode&gt;0&lt;/errorcode&gt;&lt;errordescription&gt;Success&lt;/errordescription&gt;&lt;dewaresponse&gt;']" doc:name="Set Payload"/>
    </flow>
    
    <flow name="rtacoreapiFlow">
        <http:listener config-ref="DEWA_Listener_Configuration" path="/RTA" doc:name="HTTP"/>
        <logger message="Request Received" level="INFO" doc:name="Logger"/>
        <expression-component>
        Thread.sleep(5000);
        </expression-component>
		<!-- <scripting:component doc:name="Throw Error">
			<scripting:script engine="Groovy">
				<![CDATA[throw new java.lang.RuntimeException("Error in processing")]]>
		    </scripting:script>
		</scripting:component> -->	
        <set-payload value="#['&lt;rtaresponse&gt;&lt;errorcode&gt;0&lt;/errorcode&gt;&lt;errordescription&gt;Success&lt;/errordescription&gt;&lt;rtaresponse&gt;']" doc:name="Set Payload"/>
    </flow>
    
    <flow name="smartdubaicoreapiFlow">
        <http:listener config-ref="DEWA_Listener_Configuration" path="/SmartDubai" doc:name="HTTP"/>
        <logger message="Request Received" level="INFO" doc:name="Logger"/>
        <expression-component>
        Thread.sleep(5000);
        </expression-component>
		<!-- <scripting:component doc:name="Throw Error">
			<scripting:script engine="Groovy">
				<![CDATA[throw new java.lang.RuntimeException("Error in processing")]]>
		    </scripting:script>
		</scripting:component> -->	
        <set-payload value="#['&lt;smartdubairesponse&gt;&lt;errorcode&gt;0&lt;/errorcode&gt;&lt;errordescription&gt;Success&lt;/errordescription&gt;&lt;smartdubairesponse&gt;']" doc:name="Set Payload"/>
    </flow>
</mule>
