<?xml version="1.0" encoding="UTF-8"?>

<mule xmlns:scripting="http://www.mulesoft.org/schema/mule/scripting"
	xmlns:validation="http://www.mulesoft.org/schema/mule/validation"
	xmlns:vm="http://www.mulesoft.org/schema/mule/vm" xmlns:tracking="http://www.mulesoft.org/schema/mule/ee/tracking" xmlns:jms="http://www.mulesoft.org/schema/mule/jms" xmlns:mulexml="http://www.mulesoft.org/schema/mule/xml" xmlns:http="http://www.mulesoft.org/schema/mule/http" xmlns:cxf="http://www.mulesoft.org/schema/mule/cxf" xmlns="http://www.mulesoft.org/schema/mule/core" xmlns:doc="http://www.mulesoft.org/schema/mule/documentation"
	xmlns:spring="http://www.springframework.org/schema/beans" 
	xmlns:xsi="http://www.w3.org/2001/XMLSchema-instance"
	xsi:schemaLocation="http://www.mulesoft.org/schema/mule/scripting http://www.mulesoft.org/schema/mule/scripting/current/mule-scripting.xsd
http://www.mulesoft.org/schema/mule/validation http://www.mulesoft.org/schema/mule/validation/current/mule-validation.xsd
http://www.springframework.org/schema/beans http://www.springframework.org/schema/beans/spring-beans-current.xsd
http://www.mulesoft.org/schema/mule/core http://www.mulesoft.org/schema/mule/core/current/mule.xsd
http://www.mulesoft.org/schema/mule/cxf http://www.mulesoft.org/schema/mule/cxf/current/mule-cxf.xsd
http://www.mulesoft.org/schema/mule/http http://www.mulesoft.org/schema/mule/http/current/mule-http.xsd
http://www.mulesoft.org/schema/mule/xml http://www.mulesoft.org/schema/mule/xml/current/mule-xml.xsd
http://www.mulesoft.org/schema/mule/jms http://www.mulesoft.org/schema/mule/jms/current/mule-jms.xsd
http://www.mulesoft.org/schema/mule/ee/tracking http://www.mulesoft.org/schema/mule/ee/tracking/current/mule-tracking-ee.xsd
http://www.mulesoft.org/schema/mule/vm http://www.mulesoft.org/schema/mule/vm/current/mule-vm.xsd">

    <http:listener-config name="HTTP_Listener_Configuration" host="0.0.0.0" port="9000" doc:name="HTTP Listener Configuration"/>
    
	 <jms:activemq-connector name="Active_MQ" connectionFactory-ref="Active_MQ_RollbackConnector_Factory" numberOfConsumers="1" maxRedelivery="-1" persistentDelivery="true" doc:name="Active MQ">
      <reconnect blocking="false"/>
    </jms:activemq-connector>
    
    <!-- ActiveMQ Connection factory -->
    <spring:beans>
    <spring:bean id="Active_MQ_RollbackConnector_Factory" class="org.apache.activemq.ActiveMQConnectionFactory" lazy-init="true">
    <spring:property name="brokerURL" value="tcp://localhost:61616" />
    <spring:property name="redeliveryPolicy" ref="Active_MQ_RollbackConnector_redeliveryPolicy">
    </spring:property>
    </spring:bean>
    
    <spring:bean id="Active_MQ_RollbackConnector_redeliveryPolicy" class="org.apache.activemq.RedeliveryPolicy">
    <spring:property name="maximumRedeliveries" value="-1"/>
    <spring:property name="initialRedeliveryDelay" value="5000"/>
    <spring:property name="redeliveryDelay" value="30000"/>
    <spring:property name="useExponentialBackOff" value="false"/>
    <spring:property name="backOffMultiplier" value="2"/>
    </spring:bean>
    </spring:beans>
    
    <!-- <jms:activemq-connector name="Active_MQ" specification="1.1" brokerURL="tcp://localhost:61616" validateConnections="true" doc:name="Active MQ" numberOfConsumers="1" maxRedelivery="-1" connectionFactory-ref="ConnectionFactory" /> -->        
   <!--  <spring:beans>
		<spring:bean name="redeliveryPolicy" class="org.apache.activemq.RedeliveryPolicy">
			<spring:property name="maximumRedeliveries" value="0" />
		</spring:bean>

		<spring:bean name="ConnectionFactory"
            class="org.apache.activemq.ActiveMQConnectionFactory">
			<spring:property name="brokerURL" value="tcp://localhost:61616" />
			<spring:property name="redeliveryPolicy" ref="redeliveryPolicy" />
		</spring:bean>
	</spring:beans> -->
	
    <vm:connector name="VM" validateConnections="true" doc:name="VM"/>
    <http:request-config name="HTTP_Request_Configuration" host="localhost" port="9001" responseTimeout="15000" doc:name="HTTP Request Configuration"/>

    <flow name="smartdubaipocFlow">        
        <http:listener config-ref="HTTP_Listener_Configuration" path="/SmartDubai" doc:name="HTTP"/>
        <cxf:proxy-service port="SmartDubaiPort" service="SmartDubaiService" doc:name="Adapter_CXF" payload="body" wsdlLocation="\wsdl\SmartDubai.wsdl" namespace="http://Smartdubai.ae/POC">
			</cxf:proxy-service>
        <mulexml:dom-to-xml-transformer doc:name="DOM to XML"/>
        <logger level="INFO" doc:name="Logger" message="RequestMessage-#[message.payloadAs(java.lang.String)]"/>
        <flow-ref name="MessageProcessingFlow" doc:name="Flow Reference"/>
        <mulexml:xslt-transformer xsl-file="\xsl\MessageProcessingRs.xsl" maxIdleTransformers="2" maxActiveTransformers="5" doc:name="XSLT">
        <mulexml:context-property key="AcknowledgementId" value="#[server.dateTime.format('ddMMyyyyHHmmss')]"/>
        </mulexml:xslt-transformer>
    </flow>
    
    <flow name="MessageProcessingFlow">
        <logger message="MessageProcessingFlow-#[message.payloadAs(java.lang.String)]" level="INFO" doc:name="Logger"/>
        <jms:outbound-endpoint queue="MESSAGE_PROCESSING_QUEUE" connector-ref="Active_MQ" doc:name="JMS"/>
        <logger message="MessageAcceptedForPorcessing" level="INFO" doc:name="Logger"/>
    </flow>
    
    <flow name="MessageEnricherFlow">
        <jms:inbound-endpoint queue="MESSAGE_PROCESSING_QUEUE" connector-ref="Active_MQ" doc:name="JMS"/>
        <mulexml:dom-to-xml-transformer doc:name="DOM to XML"/>
        <mulexml:xslt-transformer xsl-file="\xsl\MessageEnricher.xsl" maxIdleTransformers="2" maxActiveTransformers="5" doc:name="XSLT"/>
        <logger message="MessageEnricherFlow-#[message.payloadAs(java.lang.String)]" level="INFO" doc:name="Logger"/>       
        <foreach collection="#[xpath3('/Messages/Message',payload,'NODESET')]" doc:name="For Each">
            <flow-ref name="MessageRouterFlow" doc:name="Flow Reference"/>  
        </foreach>
    </flow>
    
    
    <flow name="MessageRouterFlow">
        <logger message="MessageRouterFlow-#[message.payloadAs(java.lang.String)]" level="INFO" doc:name="Logger"/>
        <mulexml:dom-to-xml-transformer doc:name="DOM to XML"/>
        <choice doc:name="Choice">
        <when expression="#[xpath3('/*:Message/*:System',payload,'STRING').equalsIgnoreCase('DEWA')]">
        <vm:outbound-endpoint exchange-pattern="one-way"  doc:name="VM" connector-ref="VM" path="DEWA_VM_QUEUE"/>
        </when>
        <when expression="#[xpath3('/*:Message/*:System',payload,'STRING').equalsIgnoreCase('RTA')]">
         <vm:outbound-endpoint exchange-pattern="one-way"  doc:name="VM" connector-ref="VM" path="RTA_VM_QUEUE"/>
        </when>
        <when expression="#[xpath3('/*:Message/*:System',payload,'STRING').equalsIgnoreCase('SMARTDUBAI')]">
         <vm:outbound-endpoint exchange-pattern="one-way"  doc:name="VM" connector-ref="VM" path="SMARTDUBAI_VM_QUEUE"/>
        </when>
        <otherwise>
        <logger message="Void Messages" level="INFO" doc:name="Logger"/>
        <jms:outbound-endpoint queue="VOID_MESSAGES_QUEUE" connector-ref="Active_MQ" doc:name="JMS"/>
        </otherwise>
        </choice>
    </flow>
    
    <flow name="InvokeDEWAFlow">
         <vm:inbound-endpoint exchange-pattern="one-way" path="DEWA_VM_QUEUE" doc:name="VM">
            <vm:transaction action="ALWAYS_BEGIN"/>
        </vm:inbound-endpoint>
        <logger message="Invoking DEWA Backend-#[message.payloadAs(java.lang.String)]" level="INFO" doc:name="Logger"/>  	
        <mulexml:dom-to-xml-transformer doc:name="DOM to XML"/>
        <http:request config-ref="HTTP_Request_Configuration" path="/DEWA" method="POST" doc:name="HTTP"/>
        <logger message="Response From DEWA-#[message.payloadAs(java.lang.String)]" level="INFO" doc:name="Logger"/>
        <jms:outbound-endpoint queue="DEWA_RESPONSE_QUEUE" connector-ref="Active_MQ" doc:name="JMS">
         <jms:transaction action="NONE"/>
        </jms:outbound-endpoint>
        <rollback-exception-strategy maxRedeliveryAttempts="5" doc:name="Rollback Exception Strategy">
            <logger message="Transaction failed, trying again" level="INFO" doc:name="Log Retry"/>
            <on-redelivery-attempts-exceeded>
                <jms:outbound-endpoint queue="DEWA_MANUAL_PROCESSING_QUEUE" connector-ref="Active_MQ" doc:name="JMS">
                    <jms:transaction action="NONE"/>
                </jms:outbound-endpoint>
                <logger message="Invoke Flow to Send Email to Adminstrator DEWA" level="INFO" doc:name="Log Retry"/>
            </on-redelivery-attempts-exceeded>
        </rollback-exception-strategy>      
    </flow>
    
     <flow name="InvokeRTAFlow">
         <vm:inbound-endpoint exchange-pattern="one-way" path="RTA_VM_QUEUE" doc:name="VM">
            <vm:transaction action="ALWAYS_BEGIN"/>
        </vm:inbound-endpoint>
        <logger message="Invoking DEWA Backend-#[message.payloadAs(java.lang.String)]" level="INFO" doc:name="Logger"/>  
        <mulexml:dom-to-xml-transformer doc:name="DOM to XML"/>
        <http:request config-ref="HTTP_Request_Configuration" path="/RTA" method="POST" doc:name="HTTP"/>
        <logger message="Response From RTA-#[message.payloadAs(java.lang.String)]" level="INFO" doc:name="Logger"/>
        <jms:outbound-endpoint queue="RTA_RESPONSE_QUEUE" connector-ref="Active_MQ" doc:name="JMS">
         <jms:transaction action="NONE"/>
        </jms:outbound-endpoint>
        <rollback-exception-strategy maxRedeliveryAttempts="5" doc:name="Rollback Exception Strategy">
            <logger message="Transaction failed, trying again" level="INFO" doc:name="Log Retry"/>
            <on-redelivery-attempts-exceeded>
                <jms:outbound-endpoint queue="RTA_MANUAL_PROCESSING_QUEUE" connector-ref="Active_MQ" doc:name="JMS">
                    <jms:transaction action="NONE"/>
                </jms:outbound-endpoint>
                <logger message="Invoke Flow to Send Email to Adminstrator RTA" level="INFO" doc:name="Log Retry"/>
            </on-redelivery-attempts-exceeded>
        </rollback-exception-strategy>      
    </flow>
    
    <flow name="InvokeSMARTDubaiFlow">
         <vm:inbound-endpoint exchange-pattern="one-way" path="SMARTDUBAI_VM_QUEUE" doc:name="VM">
            <vm:transaction action="ALWAYS_BEGIN"/>
        </vm:inbound-endpoint>
        <logger message="Invoking SMARTDUBAI Backend-#[message.payloadAs(java.lang.String)]" level="INFO" doc:name="Logger"/>  
        <mulexml:dom-to-xml-transformer doc:name="DOM to XML"/>
        <http:request config-ref="HTTP_Request_Configuration" path="/SmartDubai" method="POST" doc:name="HTTP"/>
        <logger message="Response From SMARTDUBAI-#[message.payloadAs(java.lang.String)]" level="INFO" doc:name="Logger"/>
        <jms:outbound-endpoint queue="SMARTDUBAI_RESPONSE_QUEUE" connector-ref="Active_MQ" doc:name="JMS">
         <jms:transaction action="NONE"/>
        </jms:outbound-endpoint>
        <rollback-exception-strategy maxRedeliveryAttempts="5" doc:name="Rollback Exception Strategy">
            <logger message="Transaction failed, trying again" level="INFO" doc:name="Log Retry"/>
            <on-redelivery-attempts-exceeded>
                <jms:outbound-endpoint queue="SMARTDUBAI_MANUAL_PROCESSING_QUEUE" connector-ref="Active_MQ" doc:name="JMS">
                    <jms:transaction action="NONE"/>
                </jms:outbound-endpoint>
                <logger message="Invoke Flow to Send Email to Adminstrator SmartDubai" level="INFO" doc:name="Log Retry"/>
            </on-redelivery-attempts-exceeded>
        </rollback-exception-strategy>      
    </flow>
    
</mule>
