<?xml version="1.0" encoding="UTF-8"?>

<mule xmlns:http="http://www.mulesoft.org/schema/mule/http"
	xmlns:mulexml="http://www.mulesoft.org/schema/mule/xml"
	xmlns:vm="http://www.mulesoft.org/schema/mule/vm"
	xmlns:jms="http://www.mulesoft.org/schema/mule/jms"
	xmlns="http://www.mulesoft.org/schema/mule/core" xmlns:doc="http://www.mulesoft.org/schema/mule/documentation"
	xmlns:spring="http://www.springframework.org/schema/beans" 
	xmlns:xsi="http://www.w3.org/2001/XMLSchema-instance"
	xsi:schemaLocation="
http://www.mulesoft.org/schema/mule/http http://www.mulesoft.org/schema/mule/http/current/mule-http.xsd 
http://www.mulesoft.org/schema/mule/xml http://www.mulesoft.org/schema/mule/xml/current/mule-xml.xsd 
http://www.mulesoft.org/schema/mule/vm http://www.mulesoft.org/schema/mule/vm/current/mule-vm.xsd 
http://www.mulesoft.org/schema/mule/jms http://www.mulesoft.org/schema/mule/jms/current/mule-jms.xsd http://www.springframework.org/schema/beans http://www.springframework.org/schema/beans/spring-beans-current.xsd
http://www.mulesoft.org/schema/mule/core http://www.mulesoft.org/schema/mule/core/current/mule.xsd">

    <flow name="ProcessDEWAResponseFlow">
         <jms:inbound-endpoint queue="DEWA_RESPONSE_QUEUE" connector-ref="Active_MQ" doc:name="JMS">
			<jms:transaction action="ALWAYS_BEGIN" />
		</jms:inbound-endpoint>	
        <logger message="Response From DEWA, Decrypting the Message-#[message.payloadAs(java.lang.String)]" level="INFO" doc:name="Logger"/>
        <!-- Block To Decrypt and Stote the Message in DB -->
        <logger message="DEWA Response Stored in DB" level="INFO" doc:name="Logger"/>
        <rollback-exception-strategy maxRedeliveryAttempts="5" doc:name="Rollback Exception Strategy">
            <logger message="Transaction failed, trying again" level="INFO" doc:name="Log Retry"/>
            <on-redelivery-attempts-exceeded>
                <jms:outbound-endpoint queue="RESPONSE_ERROR_QUEUE" connector-ref="Active_MQ" doc:name="JMS">
                    <jms:transaction action="NONE"/>
                </jms:outbound-endpoint>
                <logger message="Error Processing the Message from DEWA, Message Moved to Response Error Queue" level="INFO" doc:name="Log Retry"/>
            </on-redelivery-attempts-exceeded>
        </rollback-exception-strategy>      
    </flow>
    
    <flow name="ProcessRTAResponseFlow">        
        <jms:inbound-endpoint queue="RTA_RESPONSE_QUEUE" connector-ref="Active_MQ" doc:name="JMS">
			<jms:transaction action="ALWAYS_BEGIN" />
		</jms:inbound-endpoint>		
        <logger message="Response From RTA, Decrypting the Message-#[message.payloadAs(java.lang.String)]" level="INFO" doc:name="Logger"/>
        <!-- Block To Decrypt and Stote the Message in DB -->
        <logger message="RTA Response Stored in DB" level="INFO" doc:name="Logger"/>
        <rollback-exception-strategy maxRedeliveryAttempts="5" doc:name="Rollback Exception Strategy">
            <logger message="Transaction failed, trying again" level="INFO" doc:name="Log Retry"/>
            <on-redelivery-attempts-exceeded>
                <jms:outbound-endpoint queue="RESPONSE_ERROR_QUEUE" connector-ref="Active_MQ" doc:name="JMS">
                    <jms:transaction action="NONE"/>
                </jms:outbound-endpoint>
                <logger message="Error Processing the Message from RTA, Message Moved to Response Error Queue" level="INFO" doc:name="Log Retry"/>
            </on-redelivery-attempts-exceeded>
        </rollback-exception-strategy>      
    </flow>
    
    <flow name="ProcessSmartDubaiResponseFlow">
        <jms:inbound-endpoint queue="SMARTDUBAI_RESPONSE_QUEUE" connector-ref="Active_MQ" doc:name="JMS">
			<jms:transaction action="ALWAYS_BEGIN" />
		</jms:inbound-endpoint>	
        <logger message="Response From SMARTDUBAI, Decrypting the Message-#[message.payloadAs(java.lang.String)]" level="INFO" doc:name="Logger"/>
        <!-- Block To Decrypt and Stote the Message in DB -->
        <logger message="SMARTDUBAI Response Stored in DB" level="INFO" doc:name="Logger"/>
        <rollback-exception-strategy maxRedeliveryAttempts="5" doc:name="Rollback Exception Strategy">
            <logger message="Transaction failed, trying again" level="INFO" doc:name="Log Retry"/>
            <on-redelivery-attempts-exceeded>
                <jms:outbound-endpoint queue="RESPONSE_ERROR_QUEUE" connector-ref="Active_MQ" doc:name="JMS">
                    <jms:transaction action="NONE"/>
                </jms:outbound-endpoint>
                <logger message="Error Processing the Message from SMARTDUBAI, Message Moved to Response Error Queue" level="INFO" doc:name="Log Retry"/>
            </on-redelivery-attempts-exceeded>
        </rollback-exception-strategy>      
    </flow>
</mule>
